도서관명,구명
BIBLIOTECA,강남구
LH강남3단지작은도서관,강남구
休+밤토리SH작은도서관,강남구
강남구립못골도서관,강남구
강남역삼푸른솔도서관,강남구
강남한신휴플러스8단지작은도서관,강남구
강남한양수자인작은씨앗도서관,강남구
개포4동작은도서관,강남구
국립어린이청소년도서관,강남구
꿈꾸는작은도서관,강남구
꿈밭작은도서관,강남구
남서울중앙교회작은도서관,강남구
논현도서관,강남구
논현정보도서관,강남구
다움영어도서관,강남구
대치1동작은도서관,강남구
대치도서관,강남구
데시앙숲속작은도서관,강남구
도곡2동작은도서관,강남구
도곡정보문화도서관,강남구
드림작은도서관,강남구
래미안포레작은도서관,강남구
루디아영어어린이도서관,강남구
못골한옥어린이도서관,강남구
브리즈힐도서관,강남구
사피엔스 작은도서관,강남구
삼성도서관,강남구
삼성서울병원의학정보센터,강남구
서울특별시교육청강남도서관,강남구
서울특별시교육청개포도서관,강남구
세곡도서관,강남구
세곡리엔파크1단지아파트 SH도서관,강남구
세곡리엔파크5단지도서관,강남구
세곡마루도서관,강남구
수서동작은도서관,강남구
신사동작은도서관,강남구
아름다운도서관,강남구
압구정동작은도서관,강남구
역삼2동작은도서관,강남구
역삼도서관,강남구
열린도서관,강남구
영롱 농문화 도서관,강남구
이편한세상도서관,강남구
일원1동작은도서관,강남구
일원본동작은도서관,강남구
정다운도서관,강남구
즐거운도서관,강남구
청담도서관,강남구
통계청나라셈도서관,강남구
페미니즘 도서관 두잉,강남구
푸르지오책사랑,강남구
피치서가,강남구
하상시각장애인도서관,강남구
하음작은도서관,강남구
한국고등교육재단정보자료실,강남구
한국관세무역개발원자료실,강남구
한국무역협회정보자료실,강남구
한국문학번역원번역전문도서관,강남구
한국지식재산연구원지식재산전문도서관,강남구
행복한도서관,강남구
힐즈도서관,강남구
가람슬기작은도서관,강동구
강동구립강일도서관,강동구
강동구립둔촌도서관,강동구
강동구립성내도서관,강동구
강동구립암사도서관,강동구
강동구립천호도서관,강동구
강동구립해공도서관,강동구
강동성심병원의학도서실,강동구
강동육아누리도서관,강동구
강일1단지작은도서관,강동구
강일리버파크6단지책향기작은도서관,강동구
게냇골작은도서관,강동구
고덕리엔파크3단지SH작은도서관,강동구
글고운작은도서관,강동구
글마루작은도서관,강동구
글익는작은도서관,강동구
글향기작은도서관,강동구
꿈누리작은도서관,강동구
늘솔길작은도서관,강동구
다온작은도서관,강동구
도담도담북카페,강동구
또바기작은도서관,강동구
래미안힐스테이트고덕작은도서관,강동구
롯데캐슬도서관,강동구
루르드의작은도서관(구 강일동성당작은도서관),강동구
명성교회도서관,강동구
반딧불 북카페작은도서관,강동구
반석도서관,강동구
배움의공동체학사재,강동구
부엉이작은도서관,강동구
북카페도서관 다독다독,강동구
상상마루작은도서관,강동구
서울특별시교육청강동도서관,강동구
서울특별시교육청고덕평생학습관,강동구
서원마을작은도서관,강동구
성내PLUS작은도서관,강동구
솔향기북카페,강동구
아람작은도서관,강동구
아빠하우스작은도서관,강동구
안말작은도서관,강동구
엘림작은도서관,강동구
옹기종기작은도서관,강동구
작은도서관 웃는책(구 천일어린이도서관),강동구
좋은땅꿈나책작은도서관,강동구
주영광작은도서관,강동구
채우리작은도서관,강동구
책꾸러미작은도서관,강동구
초대구름도서관,강동구
파랑새작은도서관,강동구
한국시각장애인복지재단점자도서관[이동도서관],강동구
한국점자도서관,강동구
함께크는우리,강동구
해오름작은도서관,강동구
햇살작은도서관,강동구
행복책방sh작은도서관,강동구
허브작은도서관,강동구
희망샘작은도서관,강동구
CMS영어작은도서관,강북구
강북문화정보도서관,강북구
강북새희망도서관,강북구
강북청소년문화정보도서관,강북구
겨자씨작은도서관,강북구
국립재활원재활연구소도서실,강북구
꼴찌만화방작은도서관 ,강북구
꿈꾸는문고,강북구
꿈이익어가는작은도서관,강북구
꿈익는책마을어린이도서관,강북구
다솔작은도서관,강북구
닻별작은도서관,강북구
동은작은도서관,강북구
미아동새마을문고,강북구
미아문화정보도서관,강북구
밝은작은도서관,강북구
번1동새마을문고,강북구
번2동새마을문고,강북구
번3동새마을문고,강북구
번동꿈나무작은도서관,강북구
벧엘도서관,강북구
별빛초롱문고,강북구
북한산둘레길북카페,강북구
삼각산동새마을문고,강북구
삼각산어린이도서관,강북구
삼각산어린이도서관,강북구
삼양동새마을문고,강북구
성바오로딸수도회도서관,강북구
솔샘문화정보도서관,강북구
송중동새마을문고,강북구
송중문화정보도서관,강북구
송천동새마을문고,강북구
송천북카페,강북구
송천아름인도서관,강북구
수유1동새마을문고,강북구
수유2동새마을문고,강북구
수유3동새마을문고,강북구
수유마을작은도서관,강북구
수유문화정보도서관,강북구
씽크엘작은도서관,강북구
엘림 작은도서관,강북구
오패산마을공동체마을꿈터도서관,강북구
우리동네작은도서관,강북구
우이동새마을문고,강북구
작은도서관 별찌,강북구
작은도서관두루,강북구
작은도서관책이랑놀자,강북구
작은도서관함께놀자,강북구
좋은맘작은도서관,강북구
주영광어린이도서관,강북구
지혜어린이도서관,강북구
트리베라1차문고,강북구
푸른별환경도서관,강북구
하늘을 나는 작은도서관,강북구
e편한세상염창작은도서관,강서구
가람작은도서관,강서구
가양9-1단지작은도서관,강서구
가양도서관,강서구
강서영어도서관,강서구
강서점자도서관,강서구
곰달래도서관,강서구
공룡어린이도서관,강서구
국립국어원자료실,강서구
글고운SH작은도서관,강서구
글마루SH작은도서관,강서구
글벗누리작은도서관,강서구
길꽃어린이도서관,강서구
꿀단지작은도서관,강서구
꿈꾸는어린이도서관,강서구
꿈나래작은도서관,강서구
꿈빛작은도서관,강서구
꿈자람책놀이터작은도서관,강서구
꿈터작은도서관,강서구
나무그늘작은도서관,강서구
나팔부는작은도서관,강서구
내발산작은도서관,강서구
다빈작은도서관,강서구
다솜SH작은도서관,강서구
도란도란쉼터작은도서관,강서구
도리샘작은도서관,강서구
등마루골작은도서관,강서구
등불작은도서관,강서구
등빛도서관,강서구
등촌아이파크도서관,강서구
람원문고,강서구
렘넌트문화센터두란노도서관,강서구
로뎀북카페작은도서관,강서구
마곡엠밸리5단지SH작은도서관,강서구
많은샘작은도서관,강서구
발음작은도서관,강서구
방그리나작은도서관,강서구
배다리작은도서관,강서구
볏고을작은도서관,강서구
새싹작은도서관,강서구
생각빚는작은도서관,강서구
생각열매작은도서관,강서구
서울특별시교육청강서도서관,강서구
솔뫼작은도서관,강서구
송정작은도서관,강서구
수명산작은도서관,강서구
승리행복작은도서관,강서구
아리향기작은도서관,강서구
아이편한작은도서관,강서구
어울림작은도서관,강서구
역마을작은도서관,강서구
염창작은도서관,강서구
예뜰작은도서관,강서구
예인작은도서관,강서구
옹기종기작은도서관,강서구
우리작은도서관,강서구
우장산숲속도서관,강서구
위드영어전문작은도서관,강서구
작은뜰작은도서관,강서구
종이비행기작은도서관,강서구
좋은친구어린이도서관,강서구
채움작은도서관,강서구
책마당SH작은도서관,강서구
책마루작은도서관,강서구
책향기작은도서관,강서구
천사작은도서관,강서구
초록동작은도서관,강서구
초록향기작은도서관,강서구
큰마음작은도서관,강서구
푸른들청소년도서관,강서구
하늘꿈작은도서관,강서구
하늘뜰작은도서관,강서구
한국문화관광연구원정책자료실,강서구
해뜰작은도서관,강서구
허준마을작은도서관,강서구
화곡푸르지오도서관,강서구
환원어린이작은도서관,강서구
희망문고,강서구
갈보리작은도서관,관악구
고맙습니다하난곡작은도서관,관악구
관악문화관도서관,관악구
관악파크푸르지오 작은도서관,관악구
국제백신연구소자료실,관악구
그림숲 그림책작은도서관,관악구
글빛정보도서관,관악구
꿈꾸는작은도서관(관악),관악구
꿈나무영유아도서관,관악구
꿈마을도서관,관악구
나들목 작은도서관,관악구
낙성대공원도서관,관악구
낙성대동우듬지작은도서관,관악구
난곡동책사랑작은도서관,관악구
난곡주민도서관새숲,관악구
난향동뜰안에작은도서관,관악구
남현동우리작은도서관,관악구
대학동녹두작은도서관,관악구
도림천에서용나는작은도서관,관악구
문성작은도서관,관악구
미성동책의향기작은도서관,관악구
발효 작은도서관,관악구
별별창작꿈터 봉현작은도서관,관악구
보라매동다사랑작은도서관,관악구
봉천5동작은문고,관악구
블루밍문고,관악구
사랑기쁨도서관,관악구
삼성동샛별작은도서관,관악구
삼성작은도서관,관악구
서림동글사랑작은도서관,관악구
서울대학교박물관도서자료실,관악구
서원동어울작은도서관,관악구
성현동작은도서관,관악구
성현동파랑새작은도서관,관악구
숲속작은도서관,관악구
쉼 작은도서관,관악구
신림동굴렁쇠작은도서관,관악구
신림푸르지오도서관,관악구
신사동해오름작은도서관,관악구
신원동울타리작은도서관,관악구
실로암점자도서관,관악구
안디아모작은도서관,관악구
용꿈꾸는작은도서관,관악구
우리동네 작은도서관,관악구
우리동네 작은도서관,관악구
은천2단지작은도서관,관악구
은천동작은도서관,관악구
은천동한울작은도서관,관악구
이편한세상 서울대입구1단지 작은도서관,관악구
이편한세상 서울대입구2단지 작은도서관,관악구
인헌동보물섬작은도서관,관악구
중랑구립면목정보도서관,중랑구
조원도서관,관악구
중앙동새싹작은도서관,관악구
책 N 꿈 도서관,관악구
책쉼터,관악구
책이랑놀이랑도서관,관악구
청룡동숯고을작은도서관,관악구
청림동푸른숲작은도서관,관악구
푸른들작은도서관,관악구
한울타리도서관,관악구
행운동마루작은도서관,관악구
광장동새마을작은도서관,광진구
광장현대파크빌도서관,광진구
광진정보도서관,광진구
구의2동새마을작은도서관,광진구
구의제3동도서관,광진구
국립정신건강센터의학정보실,광진구
국제문학작은도서관,광진구
군자동새마을작은도서관,광진구
날마다자라는나무,광진구
능동새마을작은도서관,광진구
더바움문화예술작은도서관(구 더바움지식문화작은도서관),광진구
사람아이앤지작은도서관,광진구
사하라작은도서관,광진구
새빛작은도서관,광진구
샘터작은도서관,광진구
서울물연구원자료실,광진구
성신비전스쿨작은도서관,광진구
아름드리작은도서관,광진구
아차산아래작은도서관놀자,광진구
어린이작은도서관주영심나무,광진구
예드림작은도서관,광진구
운룡도서관,광진구
이룸도서관,광진구
자양1동새마을작은도서관,광진구
자양2동새마을작은도서관,광진구
자양3동새마을작은도서관,광진구
자양4동새마을작은도서관,광진구
자양전통시장작은도서관,광진구
자양제4동도서관,광진구
자양한강도서관,광진구
중곡1동새마을작은도서관,광진구
중곡2동새마을작은도서관,광진구
중곡3동새마을작은도서관,광진구
중곡4동새마을작은도서관,광진구
중곡교회작은도서관,광진구
중곡문화체육센터도서관,광진구
평강마을도서관,광진구
푸른꿈도서관,광진구
하람도서관,광진구
화양동새마을작은도서관,광진구
가리봉동도서관,구로구
개봉2동도서관,구로구
개봉3동도서관,구로구
개봉도서관,구로구
개봉어린이도서관,구로구
개봉푸르지오도서관,구로구
고척1동도서관,구로구
고척2동도서관,구로구
고척교회도서관책마을,구로구
고척벽산베스트블루밍아파트 ,구로구
고척벽산블루밍(아)경로당 작은도서관,구로구
광진교회도서실,구로구
구로1동도서관,구로구
구로2동도서관,구로구
구로4동도서관,구로구
구로5동도서관,구로구
구로구근로자복지센터작은도서관,구로구
구로기적의도서관,구로구
구로꿈나무도서관,구로구
궁동어린이도서관,구로구
그래그래작은도서관,구로구
글로벌나눔도서관,구로구
글마루한옥어린이도서관,구로구
글초롱작은도서관,구로구
금강수목원아파트작은도서관,구로구
길숲도서관,구로구
꿈꾸는SH작은도서관,구로구
꿈꾸는언덕작은도서관(천왕1단지),구로구
꿈꾸는작은도서관(구로),구로구
꿈마루작은도서관,구로구
꿈마을도서관,구로구
꿈터작은도서관(천왕이펜6단지),구로구
담쟁이넝쿨도서관,구로구
도담도담작은도서관,구로구
도토리SH작은도서관,구로구
둘레길작은도서관(천왕4단지),구로구
따뜻한마음작은도서관(구 코딱지도서관),구로구
로아스페이스,구로구
로즈빌도서관,구로구
마중물도서관,구로구
몽당연필도서관,구로구
미소누리작은도서관,구로구
배고픈사자,구로구
별빛맞이SH작은도서관,구로구
사랑나무작은도서관,구로구
새광명도서관,구로구
서남작은도서관,구로구
서울가든빌라도서관,구로구
서울남문고,구로구
서울특별시교육청고척도서관,구로구
서울특별시교육청구로도서관,구로구
수궁동도서관,구로구
숲속SH작은도서관,구로구
신도림3차 동아아파트 작은도서관,구로구
신도림4차마을문고,구로구
신도림동새마을작은도서관,구로구
신도림어린이영어작은도서관,구로구
신도림월드메르디앙,구로구
신도림현대도서관,구로구
아름도서관,구로구
에델도서관,구로구
연지타운1단지작은도서관,구로구
열린숲작은도서관,구로구
예샘작은도서관,구로구
오류1동도서관,구로구
오류2동도서관,구로구
오류도서관,구로구
오류동제일교회작은도서관,구로구
오류문고,구로구
온누리도서관,구로구
옹달샘작은도서관,구로구
옹달샘작은도서관,구로구
은성도서관,구로구
이니텍도서관,구로구
이룸작은도서관,구로구
중앙하이츠도서관,구로구
지혜의숲작은도서관,구로구
참새소풍작은도서관(천왕2단지),구로구
책향기작은도서관,구로구
천왕7단지작은도서관,구로구
천왕마을작은도서관,구로구
카페함크작은도서관,구로구
코비나작은도서관,구로구
쿵짝쿵짝공작소작은도서관,구로구
큐브북카페,구로구
큰숲글터작은도서관,구로구
파크푸르지오도서관,구로구
포도나무문고,구로구
푸른꿈북카페,구로구
푸른꿈작은도서관,구로구
하나비전센터작은도서관,구로구
하늘도서관,구로구
하늘마루작은도서관(천왕5단지),구로구
한국산업기술시험원도서관,구로구
한양수자인에듀힐즈아파트작은도서관,구로구
한우리독서문화원,구로구
행복한작은도서관,구로구
흥부네작은도서관,구로구
금천구립가산도서관,금천구
금천구립금나래도서관,금천구
금천구립독산도서관,금천구
금천구립시흥도서관,금천구
길빛작은도서관,금천구
꿈꾸는작은도서관,금천구
꿈씨어린이작은도서관,금천구
나누리작은도서관,금천구
도란도란작은도서관,금천구
롯데캐슬1차작은도서관,금천구
마루한작은도서관,금천구
맑은누리작은도서관,금천구
미래향기작은도서관,금천구
산돌어린이도서관,금천구
샘솟는작은도서관,금천구
소망의나무어린이작은도서관,금천구
와서작은도서관,금천구
우리울작은도서관,금천구
은행나무어린이도서관,금천구
지혜의숲작은도서관,금천구
참새작은도서관,금천구
책달샘숲속작은도서관,금천구
책이든거리작은도서관,금천구
책읽는마을작은도서관,금천구
책읽는주민사랑방작은도서관,금천구
청개구리작은도서관,금천구
트리니티작은도서관,금천구
한국대학교육협의회문헌정보실,금천구
해오름작은도서관,금천구
KB국민은행과 함께하는 나무작은도서관,노원구
가온작은도서관,노원구
가재울 지혜마루 작은도서관,노원구
공릉청소년문화정보센터화랑도서관,노원구
공릉행복발전소공릉도서관,노원구
국민체육진흥공단한국스포츠개발원도서관,노원구
글빛작은도서관,노원구
금빛도서관,노원구
꿈꾸는작은도서관,노원구
노원문화원작은도서관,노원구
노원어린이도서관,노원구
노원정보도서관,노원구
달내작은도서관,노원구
도란도란작은도서관,노원구
메아리작은도서관,노원구
바르미작은도서관,노원구
반디작은도서관,노원구
북부종합사회복지관 신한카드아름인도서관,노원구
북서울미술관아트도서실,노원구
불암도서관,노원구
삼육대평생교육원 이야기방 작은도서관,노원구
상계문화정보도서관,노원구
상계숲속작은도서관,노원구
상계주공14단지아파트문화사랑방도서실,노원구
서울점자도서관,노원구
서울특별시교육청노원평생학습관,노원구
솜니움 독서코칭 전문도서관,노원구
수락작은도서관,노원구
열린작은도서관,노원구
원더풀도서관,노원구
월계문화정보도서관,노원구
월계어린이도서관,노원구
육사작은도서관,노원구
을지대학교을지병원의학도서실,노원구
인제대학교상계백병원의학도서실,노원구
작고행복한청구3차도서관,노원구
중계사랑작은도서관,노원구
중계종합사회복지관 CAN DO도서관,노원구
중계주공10단지책과친구들,노원구
지혜의샘 작은도서관,노원구
참사랑평화학교 도서관,노원구
책누리작은도서관,노원구
책사랑작은도서관,노원구
책이랑친구랑작은도서관,노원구
초안산숲속작은도서관,노원구
트램작은도서관,노원구
파랑새작은도서관,노원구
푸른숲작은도서관,노원구
하늘작은도서관,노원구
하늘품작은도서관,노원구
한길문고,노원구
한내지혜의숲도서관,노원구
한내행복발전소 작은도서관 ,노원구
한울문고,노원구
한울작은도서관,노원구
해솔작은도서관,노원구
향기나무도서관,노원구
김수영문학도서관,도봉구
꿈을심는작은도서관,도봉구
나눔플러스아름인도서관,도봉구
도봉1동작은도서관,도봉구
도봉2동작은도서관,도봉구
도봉기적의도서관,도봉구
도봉문화정보도서관,도봉구
도봉아이나라도서관,도봉구
둘리도서관,도봉구
라온제나작은도서관,도봉구
맑은샘작은도서관,도봉구
무수골도서관,도봉구
반딧불이작은도서관,도봉구
방학1동작은도서관,도봉구
방학2동작은도서관,도봉구
번창작은도서관,도봉구
북서울중학교도서관(해오름도서관),도봉구
북한산아이파크작은도서관,도봉구
산미소작은도서관,도봉구
생글작은도서관,도봉구
서울특별시교육청도봉도서관,도봉구
솔밭작은도서관,도봉구
신창영어작은도서관,도봉구
쌍문1동작은도서관,도봉구
쌍문2동작은도서관,도봉구
쌍문3동작은도서관,도봉구
쌍문4동작은도서관,도봉구
쌍문채움도서관,도봉구
씨앗작은도서관,도봉구
아름다운도서관,도봉구
외갓집에가자작은도서관,도봉구
지혜의등대작은도서관,도봉구
참솔도서관,도봉구
창1동작은도서관,도봉구
창2동작은도서관,도봉구
창3동작은도서관,도봉구
창4동작은도서관,도봉구
창5동작은도서관,도봉구
초록나라도서관,도봉구
키움작은도서관,도봉구
학마을도서관,도봉구
행복작은도서관,도봉구
&Lounge작은도서관,동대문구
sk북카페꿈땅,동대문구
가톨릭대성바오로병원의학도서관,동대문구
경희의료원의학도서실,동대문구
광석어린이작은도서관,동대문구
구립김영삼도서관,동대문구
국립산림과학원도서관,동대문구
글놀이작은도서관,동대문구
글로벌지식협력단지 도서자료관,동대문구
꿈나래 작은도서관,동대문구
꿈나무작은도서관,동대문구
꿈마루도서관,동대문구
꿈사랑도서관,동대문구
나들목가족도서관,동대문구
다양한문화가모이는어린이도서관모두,동대문구
답십리1동아름드리작은도서관,동대문구
답십리2동민들레작은도서관,동대문구
동대문구답십리도서관,동대문구
동대문구정보화도서관,동대문구
동대문책마당,동대문구
둥그레문고,동대문구
래미안위브 작은도서관,동대문구
루씨 작은도서관,동대문구
배봉산 숲속도서관,동대문구
빛과진리선교원 어린이작은도서관,동대문구
사랑듬북작은도서관,동대문구
서울특별시교육청동대문도서관,동대문구
슈필라움작은도서관,동대문구
아름숲어린이문고,동대문구
아주좋은꿈터작은도서관,동대문구
어린이도서관꿈틀,동대문구
예스아이캔 작은도서관,동대문구
용두어린이영어도서관,동대문구
용신동작은도서관,동대문구
이문1동꿈꾸는작은도서관,동대문구
이문2동작은도서관,동대문구
이문어린이도서관(숲속작은도서관),동대문구
이문체육문화센터어린이도서관,동대문구
장안1동작은도서관,동대문구
장안2동작은도서관,동대문구
장안꿈마루어린이작은도서관,동대문구
장안마루작은도서관,동대문구
장안어린이도서관,동대문구
전농2동뜨락작은도서관,동대문구
제기동미래뜰작은도서관,동대문구
청솔우성아파트 작은도서관,동대문구
포도나무작은도서관,동대문구
한국과학기술원고등과학원도서실,동대문구
한국국방연구원지식정보실,동대문구
회기동꿈자람작은도서관,동대문구
회기마루작은도서관,동대문구
휘경1동새싹마루작은도서관,동대문구
휘경2동꿈빛누리작은도서관,동대문구
중랑구립정보도서관,중랑구
휘경어린이도서관,동대문구
국사봉숲속작은도서관,동작구
기상청도서관,동작구
까망돌어린이도서관,동작구
꿈담도서관,동작구
꿈먹작은도서관,동작구
꿈익는책마을,동작구
나무별작은도서관,동작구
노량진1동작은도서관,동작구
노량진2동작은도서관,동작구
농심식문화전문도서관,동작구
다울작은도서관,동작구
담소작은도서관,동작구
담쟁이작은도서관,동작구
대방동작은도서관,동작구
대방어린이도서관,동작구
동작샘터도서관,동작구
동작어린이도서관,동작구
보라매e편한세상작은도서관,동작구
비전어린이도서관,동작구
비전어린이도서관,동작구
사당1동작은도서관,동작구
사당2동작은도서관,동작구
사당3동작은도서관,동작구
사당4동작은도서관,동작구
사당5동작은도서관,동작구
사당솔밭도서관,동작구
상도1동작은도서관,동작구
상도2동작은도서관,동작구
상도3동작은도서관,동작구
상도4동작은도서관,동작구
상도SH.Ville작은도서관,동작구
상도더?아파트작은도서관,동작구
상도중앙작은도서관,동작구
생명나무도서관,동작구
서울특별시교육청동작도서관,동작구
성대골어린이도서관,동작구
소망작은도서관,동작구
신대방1동작은도서관,동작구
신대방2동작은도서관,동작구
신상도문고,동작구
아트앤힐링작은도서관,동작구
애스톤파크작은도서관,동작구
약수도서관,동작구
양문작은도서관,동작구
양문작은도서관,동작구
열림카페속작은도서관,동작구
오손도손우리동네작은도서관,동작구
주님의숲작은도서관,동작구
중소기업연구원자료실,동작구
중앙대학교병원의학정보실,동작구
지혜문고,동작구
지혜샘터작은도서관,동작구
푸른도서관,동작구
하늘사다리문고,동작구
하늘숲작은도서관,동작구
한숲문고,동작구
행복한래미안작은도서관,동작구
헤브론문고,동작구
흑석동작은도서관,동작구
가좌행복작은도서관,마포구
가좌행복작은도서관,마포구
공덕동문고(마실길북카페),마포구
꿈나래어린이영어도서관,마포구
꿈빛도서관,마포구
꿈을이루는작은도서관,마포구
꿈의숲작은도서관,마포구
남북하나재단북한전문자료실,마포구
늘푸른소나무작은도서관,마포구
담쟁이작은도서관,마포구
도란도란Books,마포구
도화동문고,마포구
래미안밤섬리베뉴I아파트채움작은도서관,마포구
마포구립서강도서관,마포구
마포구립하늘도서관,마포구
마포어린이영어도서관,마포구
마포중앙도서관,마포구
마포푸르메어린이도서관,마포구
망원1동문고,마포구
복사골작은도서관,마포구
상암동문고,마포구
상암월드컵파크11단지도서관,마포구
상암월드컵파크7단지도서관,마포구
서강어린이영어도서관,마포구
서교동문고,마포구
서울특별시교육청마포평생학습관,마포구
서울특별시교육청마포평생학습관아현분관,마포구
성메작은도서관,마포구
성미산학교작은도서관꿈꾸는다락방,마포구
성산글마루작은도서관,마포구
신수동문고,마포구
쎌북작은도서관,마포구
아름드리작은도서관,마포구
아이도북센터,마포구
에듀카페맘작은도서관,마포구
연남동문고,마포구
염리동문고,마포구
와글와글작은도서관,마포구
용강동작은도서관,마포구
자이열린작은도서관,마포구
초록리본도서관,마포구
초록숲작은도서관,마포구
푸른나무작은도서관,마포구
풀뿌리문고,마포구
하늘꿈작은도서관,마포구
한국경영자총협회자료실,마포구
한국연구원도서관,마포구
한국영상자료원영상도서관,마포구
한사랑문고,마포구
합정동문고,마포구
해오름문고,마포구
해오름작은도서관,마포구
DMC래미안e편한세상아파트1블럭작은도서관,서대문구
남가좌1동파랑새작은도서관,서대문구
남가좌삼성래미안아파트푸른북카페,서대문구
남가좌새롬어린이도서관,서대문구
돈의문센트레빌작은도서관,서대문구
동북아역사재단동북아역사자료실,서대문구
명지어린이영어도서관,서대문구
봉원교회샘뜰작은도서관,서대문구
북가좌1동늘푸른열린작은도서관,서대문구
북가좌2동가슴따뜻한작은도서관,서대문구
북가좌2동이팝꽃향기작은도서관,서대문구
북아현북카페,서대문구
북한산더샵아파트작은도서관,서대문구
새솔도서실,서대문구
서대문구립이진아기념도서관,서대문구
서울특별시교육청서대문도서관,서대문구
세빛도서관,서대문구
수화영상도서관,서대문구
아낌없이주는나무,서대문구
어깨동무어린이도서관,서대문구
어린이도서관꿈꾸는세상,서대문구
연희동아이누리작은도서관,서대문구
연희파크푸르지오작은도서관,서대문구
영광시각장애인모바일점자도서관,서대문구
이화여자대학교박물관전문도서관,서대문구
천연동하늘샘작은도서관,서대문구
천연뜨란채문고,서대문구
충현동알음알음작은도서관,서대문구
하늘샘어린이도서관,서대문구
하뜰안도서관,서대문구
햇살작은도서관,서대문구
행복작은도서관,서대문구
홍은2동논골작은도서관,서대문구
홍은도담도서관,서대문구
홍제1동새싹작은도서관,서대문구
홍제2동꿈이있는작은도서관,서대문구
홍제3동문화촌어린이작은도서관,서대문구
홍제천작은도서관,서대문구
IT로 열린도서관,서초구
KOTRA무역자료실,서초구
LH서초3단지행복도서관,서초구
LH서초4단지작은도서관,서초구
LH서초5단지작은도서관,서초구
국립국악원국악자료실,서초구
국립외교원도서관,서초구
국립중앙도서관,서초구
그림책도서관,서초구
꿈 익는 작은도서관,서초구
내곡도서관,서초구
너나울도서관,서초구
네이처힐1단지 작은도서관,서초구
네이처힐3단지작은도서관(꿈찾는도서관),서초구
네이처힐4단지작은도서관,서초구
네이처힐5단지작은도서관,서초구
네이처힐6단지작은도서관,서초구
네이처힐가든작은도서관,서초구
대검찰청검찰중앙도서실,서초구
대한민국예술원도서실,서초구
대한민국학술원도서실,서초구
리본SH작은도서관,서초구
리본숲SH작은도서관,서초구
반포1동작은도서관,서초구
반포2동작은도서관,서초구
반포3동작은도서관,서초구
반포4동작은도서관,서초구
반포도서관,서초구
반포본동작은도서관,서초구
방배 은혜 작은도서관,서초구
방배1동작은도서관,서초구
방배2동작은도서관,서초구
방배4동작은도서관,서초구
방배도서관,서초구
방배본동작은도서관,서초구
삼성경제연구소도서자료실,서초구
서울시교육연수원교육정보자료실,서초구
서울연구원도서관,서초구
서울인재개발원도서실,서초구
서울지방변호사회도서관,서초구
서이도서관,서초구
서초1동작은도서관,서초구
서초3동작은도서관,서초구
서초4동작은도서관,서초구
서초글벗 작은도서관,서초구
서초더샵포레작은도서관,서초구
서초청소년도서관,서초구
서초포레스타3단지작은도서관,서초구
서초포레스타6단지작은도서관,서초구
서초포레스타7단지풍경이있는작은도서관,서초구
수송작은도서관,서초구
시온교회 작은도서관,서초구
씨넷도서관,서초구
양재1동작은도서관,서초구
양재2동작은도서관,서초구
양재도서관,서초구
언남돌봄 작은도서관,서초구
에코리치작은도서관,서초구
우면SH작은도서관,서초구
작은 새들의 합챵 작은도서관,서초구
잠원도서관,서초구
잠원도서관,서초구
재외동포재단자료실,서초구
지혜의숲작은도서관,서초구
통일부북한자료센터,서초구
통일연구원자료실,서초구
포레스타2단지숲속별작은도서관,서초구
하늘샘 작은도서관,서초구
한국과학기술기획평가원정보자료실,서초구
한국교과서연구재단교과서정보관,서초구
한국도서관협회도서관,서초구
한국문화위원회예술자료원,서초구
한국부동산연구원부동산정보센터,서초구
한국세무사회조세도서관,서초구
한국자동차산업협회도서관,서초구
한국형사정책연구원도서실,서초구
현대자동차그룹도서관,서초구
금호1가동북카페책단지꿀단지,성동구
금호2.3가어린이작은도서관,성동구
금호4가어린이작은도서관,성동구
꿈샘작은도서관,성동구
꿈터어린이도서관,성동구
라보 작은도서관,성동구
마장동작은도서관,성동구
무지개도서관,성동구
무학도서관,성동구
사근동어린이놀이터도서관,성동구
서연푸른꿈터문고,성동구
서울제일비젼도서관,성동구
중랑상봉도서관,중랑구
성동구립금호도서관,성동구
성동구립도서관,성동구
성동구립숲속도서관,성동구
성동구립용답도서관,성동구
성락도서관,성동구
성수1가2동작은도서관,성동구
성수1가제1동작은도서관,성동구
성수2가제1동작은도서관,성동구
성수2가제3동작은도서관,성동구
성수도서관,성동구
송정동늘푸른작은도서관,성동구
어린이도서관책읽는엄마책읽는아이,성동구
옥수동 작은도서관,성동구
올리브나무작은도서관,성동구
왕십리도서관,성동구
왕십리도선동희망문고,성동구
왕십리제2동작은도서관,성동구
용답동어린이작은도서관,성동구
응봉동어린이작은도서관,성동구
작은도서관 그림,성동구
청계도서관,성동구
하이리딩 작은도서관,성동구
행당2동어린이작은도서관,성동구
곰세마리어린이도서관,성북구
글빛누리작은도서관,성북구
글빛도서관,성북구
기쁨이자라는작은도서관,성북구
길상도서관,성북구
길음1동새마을문고,성북구
길음2동새마을문고,성북구
길음뉴타운푸르지오도서관,성북구
길음동 작은도서관,성북구
길음동부센트레빌어린이글마당,성북구
꿈의숲푸르지오키즈&맘북카페,성북구
꿈터작은도서관,성북구
꿈틀도서관,성북구
다슬도서관,성북구
달빛마루도서관,성북구
대림아파트작은도서관,성북구
대한불교진각종도서실,성북구
돈암2동새마을문고,성북구
돌리네책빵,성북구
뒤죽박죽도서관,성북구
래미안석관북카페,성북구
보문동새마을문고,성북구
북악하늘작은도서관,성북구
북적book적,성북구
삼선푸르지오작은도서관,성북구
생명의전화종합사회복지관가족도서관,성북구
서경로꿈마루도서관,성북구
석관동미리내도서관,성북구
석관동새마을문고,성북구
성가소비녀회도서관,성북구
성광작은도서관,성북구
성북길빛도서관,성북구
성북동새마을문고,성북구
성북동작은도서관,성북구
성북이음도서관,성북구
성북점자도서관,성북구
성북정보도서관,성북구
성신여자대학교박물관자료실,성북구
세레니티문고,성북구
소리마을작은도서관,성북구
아띠작은도서관,성북구
아름드리작은도서관,성북구
아리랑어린이도서관,성북구
중랑숲어린이도서관,중랑구
아리랑정보도서관,성북구
안암동새마을문고,성북구
어울림북터작은도서관,성북구
와글와글작은도서관,성북구
우리들문고작은도서관,성북구
월곡1동새마을문고,성북구
월곡꿈그림도서관,성북구
은혜로운 작은도서관,성북구
작은도서관핸드인핸드,성북구
장암교회쉴만한물가작은도서관,성북구
장월SH빌작은도서관,성북구
장위1동새마을문고,성북구
장위행복누림도서관,성북구
정든마을 작은도서관,성북구
정릉1동새마을문고,성북구
정릉4동새마을문고,성북구
정릉도서관,성북구
정릉푸르지오북카페,성북구
정인꿈땅도서관,성북구
종암2차SK뷰(아)작은도서관,성북구
종암동새날도서관,성북구
종암동새마을문고,성북구
청수도서관,성북구
큰꿈도서관,성북구
푸른꿈작은도서관,성북구
하늘비전작은도서관,성북구
한국과학기술연구원자료실,성북구
한뜰작은도서관,성북구
한신휴(아)북카페,성북구
해오름어린이도서관,성북구
휴먼빌작은도서관,성북구
힐스테이트별빛작은도서관,성북구
Book積북적도서관,송파구
KOBACO광고도서관,송파구
Sunplay작은도서관,송파구
THEBRIDGE작은도서관,송파구
가락2동새마을문고(로즈마리작은도서관),송파구
가락몰도서관,송파구
가락본동새마을문고(글향기작은도서관),송파구
중랑재미 작은도서관,중랑구
중화어린이도서관,중랑구
책깨비도서관,중랑구
거마도서관,송파구
거여1동새마을문고,송파구
거여2동새마을문고(거여2동작은도서관),송파구
경찰병원의학도서실,송파구
고려작은도서관,송파구
글벗SH작은도서관,송파구
꿈꾸는작은도서관,송파구
꿈이자라는땅작은도서관,송파구
누리미좋은물결작은도서관,송파구
다우리작은도서관,송파구
대한체육회작은도서관,송파구
더미소작은도서관,송파구
더믹스만드는작은도서관,송파구
돌마리도서관,송파구
레미니스SH작은도서관,송파구
마천1동새마을문고,송파구
마천2동새마을문고(글수레작은도서관),송파구
마천하늘꿈작은도서관,송파구
문정1동새마을문고(느티나무작은도서관),송파구
문정2동새마을문고(숯내작은도서관),송파구
방이1동새마을문고,송파구
방이2동새마을문고(방이2동작은도서관),송파구
쁘레네작은도서관별찌,송파구
삼전동새마을문고(삼학사작은도서관),송파구
새비전도서관,송파구
서울동부지방법원도서실,송파구
서울역사편찬원서울역사자료실,송파구
서울특별시교육청송파도서관,송파구
소나무언덕1호작은도서관,송파구
소나무언덕2호도서관,송파구
소나무언덕3호도서관,송파구
소나무언덕4호작은도서관,송파구
소나무언덕잠실본동도서관,송파구
송파 꿈꾸는 작은도서관,송파구
송파1동새마을문고,송파구
송파2동새마을문고,송파구
송파글마루도서관,송파구
송파꿈에그린작은도서관,송파구
책소리 작은도서관,중랑구
초록도서관,중랑구
행복터작은도서관,중랑구
휴앤해피 작은도서관,중랑구
송파어린이도서관,송파구
송파어린이영어도서관,송파구
송파위례도서관,송파구
송파파크데일1단지도서관,송파구
송파한라비발디작은도서관(위례22단지),송파구
스토리빈작은도서관,송파구
스토리지작은영어도서관,송파구
아름다운꿈작은도서관,송파구
예꿈틀어린이도서관,송파구
예인작은도서관,송파구
오금동새마을문고(오동나무작은도서관),송파구
오륜동새마을문고,송파구
우리 작은도서관,송파구
울산의대아산의학도서관,송파구
은송愛書家작은도서관,송파구
이사랑나눔도서관,송파구
잠실3동새마을문고,송파구
잠실4동새마을문고,송파구
잠실6동새마을문고(장미마을작은도서관),송파구
잠실7동새마을문고,송파구
잠실본동새마을문고,송파구
잠실참좋은작은도서관,송파구
장지동새마을문고,송파구
주님의교회문고,송파구
즐거운가작은도서관,송파구
지샘터올림픽공원도서관,송파구
참벗영어작은도서관,송파구
참좋은작은도서관,송파구
책과의어울림금호작은도서관,송파구
책읽는나무의자,송파구
푸른도서관,송파구
풍납1동새마을문고(바람드리작은도서관),송파구
하늘꿈작은도서관,송파구
하품작은도서관,송파구
한국근현대사작은도서관,송파구
한성백제박물관정보자료실,송파구
한아람작은도서관,송파구
헬리오시티작은도서관,송파구
7단지 작은도서관,양천구
K-Culture 작은도서관,양천구
갈산도서관,양천구
강서성결 어린이도서관,양천구
강서제일 어린이 도서관,양천구
개울건강도서관,양천구
고맙습니다 신정3동 작은도서관,양천구
고운달작은도서관,양천구
고운맘작은도서관,양천구
그루터기,양천구
글바라기 (이펜1),양천구
기쁨을나누는작은도서관,양천구
깐 작은도서관,양천구
꿈꾸는도서관,양천구
꿈자람작은도서관,양천구
넓은들 작은도서관,양천구
달마을작은도서관,양천구
달빛마을작은도서관,양천구
마을도서관 (학마을2단지) - 장기휴관,양천구
마을속 도서관 나무그늘 (이펜3),양천구
목1동도서방,양천구
목마교육도서관,양천구
미감도서관,양천구
방송통신심의위원회자료실,양천구
방아다리문학도서관,양천구
사랑방문고 (이펜5),양천구
새희망작은도서관,양천구
생명샘 작은도서관,양천구
구의1동새마을작은도서관,
서울특별시교육청양천도서관,양천구
소담 작은도서관,양천구
숲 속 북카페,양천구
신월6동도서방,양천구
신월7동도서방,양천구
신월음악도서관,양천구
신정1동그린나래작은도서관,양천구
신정6동도서방,양천구
신정7동도서방,양천구
아인어린이작은도서관,양천구
에듀카페맘,양천구
에듀카페맘작은도서관,양천구
엘벧엘 T.C.S. 작은도서관,양천구
연세 작은도서관,양천구
영어특성화도서관,양천구
은행정책마당,양천구
이레작은도서관,양천구
작은도서관내일새싹,양천구
종이비행기작은도서관,양천구
지양마을작은도서관,양천구
책읽는쉼터,양천구
푸른나래어린이도서관,양천구
푸른마을해바라기작은도서관(푸른마을1단지),양천구
한사랑작은도서관,양천구
한어울터(신정이펜4단지),양천구
해맞이역사도서관,양천구
행복한도서관,양천구
혜윰도서관,양천구
호롱불작은도서관,양천구
H HOUSE 라이브러리,영등포구
KBS도서관,영등포구
국회도서관,영등포구
금융감독원자료실,영등포구
꿈이있는 작은도서관,영등포구
꿈이있는도서관,영등포구
단비 작은도서관,영등포구
당산1동 공립작은도서관,영등포구
당산2동 공립작은도서관,영등포구
당성책세상 우리세상 문고,영등포구
대림1동 공립작은도서관,영등포구
대림3동 공립작은도서관,영등포구
대림도서관,영등포구
도란도란 에스티움 작은도서관,영등포구
도림동 공립작은도서관,영등포구
동네작은도서관,영등포구
두껍아두껍아어린이도서관,영등포구
두날개작은도서관,영등포구
목화마을공립작은도서관,영등포구
문래도서관,영등포구
문래동 공립작은도서관,영등포구
반딧불어린이 문고,영등포구
보험연구원(kiri),영등포구
북마크어린이도서관,영등포구
서울특별시교육청영등포평생학습관,영등포구
서울하우징랩SH 작은도서관,영등포구
선유도서관,영등포구
신길1동 공립작은도서관,영등포구
신길2동 공립작은도서관,영등포구
신길3동 공립작은도서관,영등포구
신길4동 공립작은도서관,영등포구
신길5동 공립작은도서관,영등포구
신길6동 공립작은도서관,영등포구
신길7동 공립작은도서관,영등포구
쌍용도서관,영등포구
양평1동 공립작은도서관,영등포구
양평2동 공립작은도서관,영등포구
언니네작은도서관,영등포구
에듀까페맘작은도서관,영등포구
여의동 공립작은도서관,영등포구
여의동 공립작은도서관,영등포구
여의샛강마을도서관,영등포구
영등포동 공립작은도서관,영등포구
영등포본동 공립작은도서관,영등포구
요셉의원작은도서관,영등포구
입암도서관 (구 도림도서관),영등포구
주택산업연구원도서관,영등포구
중소기업중앙회자료정보실,영등포구
쪼물왕국 어린이도서관,영등포구
한국가정법률상담소도서실,영등포구
한국경제연구원정보자료센터,영등포구
한국노동조합총연맹도서관,영등포구
한국소방안전협회자료실,영등포구
한국화재보험협회자료실,영등포구
한림대학교강남성심병원도서실,영등포구
한믿음도서관,영등포구
한화생명정보자료실,영등포구
함께하는 문고,영등포구
해오름어린이작은도서관,영등포구
홍우 작은도서관,영등포구
U+Library,용산구
고래이야기 작은도서관,용산구
국립중앙박물관도서관,용산구
국립한글박물관한글도서관,용산구
국방부군사편찬연구소정보자료실,용산구
국방부도서실,용산구
남영동 작은도서관,용산구
단꿈 작은도서관,용산구
백범김구기념관자료실,용산구
백합어린이 작은도서관,용산구
별밭 작은도서관,용산구
북카페 청마루,용산구
서빙고동 작은도서관,용산구
서울비전문고,용산구
서울특별시교육청남산도서관,용산구
서울특별시교육청용산도서관,용산구
순천향대학병원의학도서관,용산구
시민과함께하는연구자의집작은도서관,용산구
오렌지나무 작은도서관,용산구
용산e편한세상북카페,용산구
용산꿈나무도서관,용산구
용암 어린이 영어도서관,용산구
원동글마루 작은도서관,용산구
원효로제2동 작은도서관 두드림,용산구
이촌2동 작은도서관,용산구
이태원글빛 작은도서관,용산구
일본국제교류기금서울문화센터문화정보실,용산구
작은도서관 꿈꾸는책마을,용산구
주한독일문화원도서관,용산구
주한미국대사관아메리칸센터,용산구
청소년푸르미르 작은도서관,용산구
청파 어린이 영어도서관,용산구
청파도서관,용산구
한강로동 작은도서관,용산구
한남동 작은도서관,용산구
해다올 작은도서관,용산구
햇빛꿈이있는 도서관,용산구
회나무 작은도서관,용산구
효창동 작은도서관,용산구
후암동 작은도서관 북&캠프,용산구
Book Bridge 작은 도서관,은평구
고리마루작은도서관,은평구
구산동도서관마을,은평구
그루터기작은도서관,은평구
꿈꾸는i작은도서관,은평구
꿈꾸는작은도서관,은평구
꿈담은작은도서관,은평구
꿈마루 작은 도서관,은평구
꿈샘도서관,은평구
꿈지락작은도서관,은평구
나누리작은도서관,은평구
내를건너서숲으로도서관,은평구
녹번만화도서관,은평구
다니엘작은도서관,은평구
다섯콩작은도서관,은평구
대조꿈나무어린이도서관,은평구
대조제일교회꿈꾸는도서관,은평구
두근두근작은도서관,은평구
두드림도서관,은평구
래미안푸른숲도서관,은평구
롯데캐슬문고,은평구
마고정작은도서관,은평구
매바위북카페,은평구
모퉁이작은도서관,은평구
무지개영어도서관,은평구
물빛마을작은도서관,은평구
물푸레작은도서관,은평구
바다의별작은도서관,은평구
백련산힐스작은도서관,은평구
북한산힐스테이1차솔숲작은도서관,은평구
불광천작은도서관,은평구
비전뜰도서관,은평구
사랑꿈터 작은도서관,은평구
산책마을SH작은도서관,은평구
상림6작은도서관,은평구
상림도서관,은평구
상림책마루작은도서관,은평구
새자람작은도서관,은평구
샘터작은도서관,은평구
서문어린이도서관,은평구
서영영어전문작은도서관,은평구
성산작은도서관,은평구
솔빛도서관,은평구
수색한숲도서관,은평구
숲속향기작은도서관,은평구
시루뫼쉼터,은평구
신사어린이도서관,은평구
어린이도서관동네북,은평구
역마루작은도서관,은평구
영광영재도서관,은평구
우물골작은도서관,은평구
은광교회도서관,은평구
은뜨락도서관,은평구
은평구립도서관,은평구
은평노인종합복지관작은도서관,은평구
은평뉴타운5단지문고,은평구
은평뉴타운도서관,은평구
은평뉴타운상림마을제7단지문고,은평구
은평어린이영어도서관,은평구
은평작은도서관,은평구
응암1동은평문화의집작은도서관,은평구
응암도서관,은평구
응암정보도서관,은평구
이아이야작은도서관,은평구
정임도서관,은평구
종이책갈피작은도서관,은평구
증산정보도서관,은평구
지웰작은도서관,은평구
지혜누리작은도서관,은평구
징검다리도서관,은평구
책뜰에도서관,은평구
천주교연신내성당북카페,은평구
청소년도서관작공,은평구
청소년문화공간JU역촌동 작은도서관,은평구
초록길도서관,은평구
큰꿈도서관,은평구
포수마을만화도서관,은평구
푸른작은도서관,은평구
푸른풀밭작은도서관,은평구
한국여성정책연구원자료실,은평구
한국행정연구원정보자료실,은평구
행복 나눔 작은도서관,은평구
효경골마을문고,은평구
(사)국민문화연구소 자료실,종로구
4.19혁명기념도서관,종로구
KCDF아카이브센터,종로구
LG상남도서관,종로구
강북삼성병원의학정보실,종로구
경희궁자이3단지 작은도서관,종로구
교보생명 정보자료실,종로구
국립고궁박물관도서실,종로구
국립민속박물관자료실,종로구
국립현대미술관서울관디지털도서관,종로구
김&장법률사무소도서실,종로구
꿈꾸는평창동작은도서관,종로구
나무와열매어린이도서관,종로구
대한불교조계종중앙기록관,종로구
도담도담한옥도서관,종로구
두산아파트새마을문고,종로구
무악다솜방,종로구
삼청공원숲속도서관,종로구
서울보증보험전자도서관,종로구
서울역사박물관서울역사자료실,종로구
서울적십자병원 의학도서실,종로구
서울지방경찰청 서경북카페(도서관),종로구
서울특별시교육청교육정보자료실,종로구
서울특별시교육청어린이도서관,종로구
서울특별시교육청정독도서관,종로구
서울특별시교육청종로도서관,종로구
석천문화관,종로구
세종문화회관자료실,종로구
숭인마루작은도서관,종로구
아름꿈도서관,종로구
아시아평화와역사교육연대 자료실,종로구
어린이도서관꿈과쉼,종로구
어린이청소년 국학도서관,종로구
에듀 NGO 작은도서관,종로구
여성가족부자료실,종로구
예능도서관,종로구
외교부외교정책자료실,종로구
우리소리도서관,종로구
이화마을작은도서관,종로구
작은도서관 뜰,종로구
작은도서관삼봉서랑,종로구
종로 수어영상 도서관,종로구
지혜만들기작은도서관,종로구
창이작은도서관,종로구
청운문학도서관,종로구
청운효자동북카페,종로구
청파도서관,종로구
통인어린이작은도서관,종로구
하늘폭포도서관,종로구
학산도서관,종로구
한국고전번역원자료실,종로구
한국금융연수원도서관,종로구
한국사회과학자료원,종로구
한국학생점자도서관,종로구
한글학회 국어학전문도서관,종로구
현대건설 기술정보실,종로구
현대해상화재보험 도서실,종로구
혜윰뜰 작은도서관,종로구
혜화마을북카페,종로구
홍파랑북카페,종로구
SC제일은행도서실,중구
가온도서관,중구
공간종합건축사사무소 자료실,중구
광희동작은도서관,중구
국가인권위원회인권도서관,중구
국립극장공연예술자료실,중구
국립중앙의료원의학정보실,중구
남산타운어린이도서관,중구
농협중앙회도서실,중구
다산동작은도서관,중구
대한상공회의소자료실,중구
덕수궁 롯데캐슬아파트 작은도서관,중구
동산작은도서관,중구
동화동작은도서관,중구
디자인하우스(주)자료실,중구
북소리,중구
생명윤리정책전문도서관,중구
서울도서관,중구
서울문화예술교육지원센터예술교육정보자료관,중구
서울시립미술관자료실,중구
서울신문정보행정팀,중구
서울역센트럴자이아파트 작은도서관,중구
서울청소년수련관도서실,중구
서울특별시교육연구정보원문헌정보실,중구
서울특별시의회전문도서관,중구
손기정어린이도서관,중구
손기정작은도서관,중구
신당5동작은도서관,중구
신당동작은도서관,중구
약수동작은도서관,중구
어린이도서관느티나무,중구
어울림도서관,중구
인제대학교서울백병원의학도서실,중구
정동어린이도서관하늘씨앗,중구
정림건축종합건축사사무소 도서자료실,중구
제일병원의학도서실,중구
주한영국문화원 도서실,중구
주한프랑스문화원미디어도서관,중구
중구청작은도서관,중구
중국복음선교회애화도서관,중구
청구동작은도서관,중구
필동작은도서관,중구
한경직목사기념도서관,중구
한국교육과정평가원자료실,중구
한국교회사연구소도서관,중구
한국학생공공도서관대학문화원(구한국학생도서관),중구
황학동작은도서관,중구
회현동작은도서관,중구
겸재작은도서관,중랑구
꽃가람 작은도서관,중랑구
꿈꾸는 도서관,중랑구
꿈꾸는 작은도서관(중랑),중랑구
꿈꾸는도서관,중랑구
늘품작은도서관,중랑구
다모아어린이도서관,중랑구
데시앙책울터 작은도서관,중랑구
동성12차아파트문고,중랑구
동성3차아파트문고,중랑구
동일 작은도서관,중랑구
만나 작은도서관,중랑구
면목종합사회복지관 아름인도서관,중랑구
브릿지 작은도서관,중랑구
새마을문고망우3동분회작은도서관,중랑구
새마을문고망우본동분회작은도서관,중랑구
새마을문고면목2동분회작은도서관,중랑구
새마을문고면목38동분회작은도서관,중랑구
새마을문고면목4동분회작은도서관,중랑구
새마을문고면목5동분회작은도서관,중랑구
새마을문고면목7동분회작은도서관,중랑구
새마을문고묵1동분회작은도서관,중랑구
새마을문고묵2동분회작은도서관,중랑구
새마을문고상봉1동분회작은도서관,중랑구
새마을문고신내1동분회작은도서관,중랑구
새마을문고중화1동분회작은도서관,중랑구
새마을문고중화2동분회작은도서관,중랑구
새소망도서관,중랑구
성원아파트문고,중랑구
세방도서관,중랑구
신내2동북카페,중랑구
신내우디안1단지도담도담도서관,중랑구
신내우디안2단지나무그늘작은도서관,중랑구
신내종합사회복지관맘편한공부방,중랑구
신내지혜담은도서관,중랑구
신일도서관,중랑구
양원숲속도서관,중랑구
양원역 도서관,중랑구
에셀나무 작은도서관,중랑구
영지도서관,중랑구
예광독서방,중랑구
은혜의숲작은도서관,중랑구
장미작은도서관,중랑구
